(Intercept).p,Depth.p,variable
3.6361033561772907e-7,1.0791463763266388e-5,O2
3.9198273342847597e-4,0.0740374332194871,NO3
